{
  "xmlId" : "1265",
  "NOAAStudyId" : "6093",
  "studyName" : "EPICA Dome C - 800KYr Methane Data",
  "doi" : null,
  "uuid" : "8d926809-0760-4493-8eb8-c1e80d8cba0b",
  "dataPublisher" : "NOAA",
  "contactInfo" : {
    "type" : "CONTACT INFORMATION",
    "shortName" : "DOC/NOAA/NESDIS/NCEI",
    "longName" : "National Centers for Environmental Information, NESDIS, NOAA, U.S. Department of Commerce ",
    "address" : "325 Broadway, E/NE31",
    "city" : "Boulder",
    "state" : "CO",
    "postalCode" : "80305-3328",
    "country" : "USA",
    "dataCenterUrl" : "https://www.ncdc.noaa.gov/data-access/paleoclimatology-data",
    "email" : "paleo@noaa.gov",
    "phone" : "303-497-6280",
    "fax" : "303-497-6513",
    "constraints" : "Please cite original publication, online resource, dataset and publication DOIs (where available), and date accessed when using downloaded data. If there is no publication information, please cite investigator, title, online resource, and date accessed. The appearance of external links associated with a dataset does not constitute endorsement by the Department of Commerce/National Oceanic and Atmospheric Administration of external Web sites or the information, products or services contained therein. For other than authorized activities, the Department of Commerce/NOAA does not exercise any editorial control over the information you may find at these locations. These links are provided consistent with the stated purpose of this Department of Commerce/NOAA Web site."
  },
  "dataType" : "ICE CORES",
  "investigators" : "Loulergue, L.; Schilt, A.; Spahni, R.; Masson-Delmotte, V.; Blunier, T.; Lemieux, B.; Barnola, J.M.; Raynaud, D.; Stocker, T.F.; Chappellaz, J.A.",
  "version" : "1.0",
  "funding" : [ ],
  "studyNotes" : null,
  "onlineResourceLink" : "https://www.ncdc.noaa.gov/paleo/study/6093",
  "difMetadataLink" : "http://www1.ncdc.noaa.gov/pub/data/metadata/published/paleo/dif/xml/noaa-icecore-6093.xml",
  "isoMetadataLink" : "http://www1.ncdc.noaa.gov/pub/data/metadata/published/paleo/iso/xml/noaa-icecore-6093.xml",
  "originalSource" : null,
  "dataTypeInformation" : "https://www.ncdc.noaa.gov/data-access/paleoclimatology-data/datasets/ice-core",
  "studyCode" : null,
  "scienceKeywords" : null,
  "reconstruction" : "N",
  "contributionDate" : "2009-12-11",
  "entryId" : "noaa-icecore-6093",
  "earliestYearBP" : 799396,
  "mostRecentYearBP" : 13,
  "earliestYearCE" : -797446,
  "mostRecentYearCE" : 1937,
  "publication" : [ {
    "author" : null,
    "pubYear" : null,
    "title" : null,
    "journal" : null,
    "volume" : null,
    "edition" : null,
    "issue" : null,
    "pages" : null,
    "reportNumber" : null,
    "citation" : "Loulergue, L., A. Schilt, R. Spahni, V. Masson-Delmotte, T. Blunier, B. Lemieux, J.-M. Barnola, D. Raynaud, T.F. Stocker, and J. Chappellaz. 2008. Orbital and millennial-scale features of atmospheric CH4 over the past 800,000 years. Nature, Vol. 453, pp. 383-386, 15 May 2008.",
    "type" : "publication",
    "identifier" : null,
    "abstract" : null,
    "pubRank" : "1"
  } ],
  "site" : [ {
    "NOAASiteId" : "19998",
    "siteName" : "EPICA Dome C",
    "siteCode" : null,
    "mappable" : "Y",
    "locationName" : "Continent>Antarctica",
    "geo" : {
      "geoType" : "Feature",
      "geometry" : {
        "type" : "POINT",
        "coordinates" : [ "-75.1", "123.4" ]
      },
      "properties" : {
        "southernmostLatitude" : "-75.1",
        "northernmostLatitude" : "-75.1",
        "westernmostLongitude" : "123.4",
        "easternmostLongitude" : "123.4",
        "minElevationMeters" : "3240",
        "maxElevationMeters" : "3240"
      }
    },
    "paleoData" : [ {
      "dataTableName" : "EDC99 CH4 Loulergue2008",
      "NOAADataTableId" : "38216",
      "earliestYear" : 799396,
      "mostRecentYear" : 13,
      "timeUnit" : "cal yr BP",
      "earliestYearBP" : 799396,
      "mostRecentYearBP" : 13,
      "earliestYearCE" : -797446,
      "mostRecentYearCE" : 1937,
      "coreLengthMeters" : null,
      "dataTableNotes" : "The air from polar ice-core samples \r\nof about 40g (Bern) and 50g (LGGE) is extracted with a melt-refreezing method \r\nunder vacuum, and the extracted gas is then analysed for CH4 by gas chromatography. \r\nTwo standard gases (408 p.p.b.v. CH4, 1,050 p.p.b.v. CH4) were used at Bern \r\nand one (499 p.p.b.v. CH4) at LGGE, to calibrate the gas chromatographs. \r\nThe mean CH4 analytical uncertainty (1s) is 10 p.p.b.v.\r\nParts of the EDC96 data are published in Monnin et al. (2001), \r\nFlückiger et al.(2002), Spahni et al. (2003), and Spahni et al. (2005),  \r\nplus EDC99 data in Spahni et al. (2005). All the new data are published in \r\nLoulergue et al. (2008).  The EDC3_gas_a age scale is detailed in \r\nLoulergue et al. (2007) and is available on NOAA-NCDC database with ice \r\nchronology (Parrenin et al., 2007). \r\nMean value are given for all the samples with <5cm of depth differences.  \r\nThese data also available from the Nature Supplementary Materials for \r\nLoulergue et al. (2008).",
      "species" : [ ],
      "dataFile" : [ {
        "fileUrl" : "https://www.ncei.noaa.gov/pub/data/paleo/icecore/antarctica/epica_domec/edc-ch4-2008.txt",
        "urlDescription" : "Data",
        "linkText" : "edc-ch4-2008.txt",
        "variables" : [ {
          "cvDataType" : "ICE CORES",
          "cvWhat" : "depth variable>depth",
          "cvMaterial" : null,
          "cvError" : null,
          "cvUnit" : "length unit>meter",
          "cvSeasonality" : null,
          "cvDetail" : null,
          "cvMethod" : null,
          "cvAdditionalInfo" : null,
          "cvFormat" : "Numeric",
          "cvShortName" : null
        }, {
          "cvDataType" : "ICE CORES",
          "cvWhat" : "age variable>age>gas age",
          "cvMaterial" : null,
          "cvError" : null,
          "cvUnit" : "time unit>age unit>calendar year before present",
          "cvSeasonality" : null,
          "cvDetail" : null,
          "cvMethod" : null,
          "cvAdditionalInfo" : null,
          "cvFormat" : "Numeric",
          "cvShortName" : null
        }, {
          "cvDataType" : "CLIMATE FORCING|ICE CORES",
          "cvWhat" : "chemical composition>compound>organic compound>hydrocarbon>alkane>n-alkane>methane",
          "cvMaterial" : "atmospheric material>bulk atmosphere",
          "cvError" : null,
          "cvUnit" : "concentration unit>parts per notation unit>parts per billion",
          "cvSeasonality" : null,
          "cvDetail" : "averaged",
          "cvMethod" : null,
          "cvAdditionalInfo" : null,
          "cvFormat" : "Numeric",
          "cvShortName" : null
        }, {
          "cvDataType" : "CLIMATE FORCING|ICE CORES",
          "cvWhat" : "chemical composition>compound>organic compound>hydrocarbon>alkane>n-alkane>methane",
          "cvMaterial" : "atmospheric material>bulk atmosphere",
          "cvError" : "standard deviation>one standard deviation",
          "cvUnit" : "concentration unit>parts per notation unit>parts per billion",
          "cvSeasonality" : null,
          "cvDetail" : null,
          "cvMethod" : null,
          "cvAdditionalInfo" : null,
          "cvFormat" : "Numeric",
          "cvShortName" : null
        }, {
          "cvDataType" : "ICE CORES",
          "cvWhat" : "sampling metadata>notes",
          "cvMaterial" : null,
          "cvError" : null,
          "cvUnit" : null,
          "cvSeasonality" : null,
          "cvDetail" : null,
          "cvMethod" : null,
          "cvAdditionalInfo" : null,
          "cvFormat" : "Numeric",
          "cvShortName" : null
        } ],
        "NOAAKeywords" : [ "earth science>paleoclimate>ice core>atmospheric gas" ]
      } ]
    } ]
  } ]
}