{
  "xmlId" : "1390",
  "NOAAStudyId" : "6091",
  "studyName" : "EPICA Dome C - 800KYr CO2 Data",
  "doi" : null,
  "uuid" : "6e230d5a-e824-45b9-82c0-9f9e3d7c53d7",
  "dataPublisher" : "NOAA",
  "contactInfo" : {
    "type" : "CONTACT INFORMATION",
    "shortName" : "DOC/NOAA/NESDIS/NCEI",
    "longName" : "National Centers for Environmental Information, NESDIS, NOAA, U.S. Department of Commerce ",
    "address" : "325 Broadway, E/NE31",
    "city" : "Boulder",
    "state" : "CO",
    "postalCode" : "80305-3328",
    "country" : "USA",
    "dataCenterUrl" : "https://www.ncdc.noaa.gov/data-access/paleoclimatology-data",
    "email" : "paleo@noaa.gov",
    "phone" : "303-497-6280",
    "fax" : "303-497-6513",
    "constraints" : "Please cite original publication, online resource, dataset and publication DOIs (where available), and date accessed when using downloaded data. If there is no publication information, please cite investigator, title, online resource, and date accessed. The appearance of external links associated with a dataset does not constitute endorsement by the Department of Commerce/National Oceanic and Atmospheric Administration of external Web sites or the information, products or services contained therein. For other than authorized activities, the Department of Commerce/NOAA does not exercise any editorial control over the information you may find at these locations. These links are provided consistent with the stated purpose of this Department of Commerce/NOAA Web site."
  },
  "dataType" : "ICE CORES",
  "investigators" : "Lüthi, D.; Le Floch, M.; Bereiter, B.; Blunier, T.; Barnola, J.M.; Siegenthaler, U.; Raynaud, D.; Jouzel, J.; Fischer, H.; Kawamura, K.; Stocker, T.F.",
  "version" : "1.0",
  "funding" : [ ],
  "studyNotes" : null,
  "onlineResourceLink" : "https://www.ncdc.noaa.gov/paleo/study/6091",
  "difMetadataLink" : "http://www1.ncdc.noaa.gov/pub/data/metadata/published/paleo/dif/xml/noaa-icecore-6091.xml",
  "isoMetadataLink" : "http://www1.ncdc.noaa.gov/pub/data/metadata/published/paleo/iso/xml/noaa-icecore-6091.xml",
  "originalSource" : null,
  "dataTypeInformation" : "https://www.ncdc.noaa.gov/data-access/paleoclimatology-data/datasets/ice-core",
  "studyCode" : null,
  "scienceKeywords" : null,
  "reconstruction" : "N",
  "contributionDate" : "2008-07-01",
  "entryId" : "noaa-icecore-6091",
  "earliestYearBP" : 798512,
  "mostRecentYearBP" : 137,
  "earliestYearCE" : -796562,
  "mostRecentYearCE" : 1813,
  "publication" : [ {
    "author" : null,
    "pubYear" : null,
    "title" : null,
    "journal" : null,
    "volume" : null,
    "edition" : null,
    "issue" : null,
    "pages" : null,
    "reportNumber" : null,
    "citation" : "Lüthi, D., M. Le Floch, B. Bereiter, T. Blunier, J.-M. Barnola, U. Siegenthaler, D. Raynaud, J. Jouzel, H. Fischer, K. Kawamura, and T.F. Stocker.  2008. High-resolution carbon dioxide concentration record 650,000-800,000 years before present. Nature, Vol. 453, pp. 379-382, 15 May 2008.",
    "type" : "publication",
    "identifier" : null,
    "abstract" : null,
    "pubRank" : "1"
  } ],
  "site" : [ {
    "NOAASiteId" : "19998",
    "siteName" : "EPICA Dome C",
    "siteCode" : null,
    "mappable" : "Y",
    "locationName" : "Continent>Antarctica",
    "geo" : {
      "geoType" : "Feature",
      "geometry" : {
        "type" : "POINT",
        "coordinates" : [ "-75.1", "123.4" ]
      },
      "properties" : {
        "southernmostLatitude" : "-75.1",
        "northernmostLatitude" : "-75.1",
        "westernmostLongitude" : "123.4",
        "easternmostLongitude" : "123.4",
        "minElevationMeters" : "3240",
        "maxElevationMeters" : "3240"
      }
    },
    "paleoData" : [ {
      "dataTableName" : "EDC CO2 Luthi2008",
      "NOAADataTableId" : "38218",
      "earliestYear" : 798512,
      "mostRecentYear" : 137,
      "timeUnit" : "cal yr BP",
      "earliestYearBP" : 798512,
      "mostRecentYearBP" : 137,
      "earliestYearCE" : -796562,
      "mostRecentYearCE" : 1813,
      "coreLengthMeters" : null,
      "dataTableNotes" : "These data also available from the Nature Supplementary Materials for \r\nLuthi et al. (2008). \r\nNOTE:  These data have been revised for an analytical bias as described \r\nby Bereiter et al. 2015.  Please see the revised EDC and Antarctic \r\ncomposite CO2 records at:  http://www.ncdc.noaa.gov/paleo/study/17975",
      "species" : [ ],
      "dataFile" : [ {
        "fileUrl" : "https://www.ncei.noaa.gov/pub/data/paleo/icecore/antarctica/epica_domec/edc-co2-2008.txt",
        "urlDescription" : "Data",
        "linkText" : "edc-co2-2008.txt",
        "variables" : [ {
          "cvDataType" : "ICE CORES",
          "cvWhat" : "depth variable>depth",
          "cvMaterial" : null,
          "cvError" : null,
          "cvUnit" : "length unit>meter",
          "cvSeasonality" : null,
          "cvDetail" : null,
          "cvMethod" : null,
          "cvAdditionalInfo" : null,
          "cvFormat" : "Numeric",
          "cvShortName" : null
        }, {
          "cvDataType" : "ICE CORES",
          "cvWhat" : "age variable>age>gas age",
          "cvMaterial" : null,
          "cvError" : null,
          "cvUnit" : "time unit>age unit>calendar year before present",
          "cvSeasonality" : null,
          "cvDetail" : null,
          "cvMethod" : null,
          "cvAdditionalInfo" : null,
          "cvFormat" : "Numeric",
          "cvShortName" : null
        }, {
          "cvDataType" : "CLIMATE FORCING|ICE CORES",
          "cvWhat" : "chemical composition>compound>inorganic compound>carbon dioxide",
          "cvMaterial" : "atmospheric material>bulk atmosphere",
          "cvError" : null,
          "cvUnit" : "concentration unit>parts per notation unit>parts per million",
          "cvSeasonality" : null,
          "cvDetail" : "averaged",
          "cvMethod" : null,
          "cvAdditionalInfo" : null,
          "cvFormat" : "Numeric",
          "cvShortName" : null
        }, {
          "cvDataType" : "CLIMATE FORCING|ICE CORES",
          "cvWhat" : "chemical composition>compound>inorganic compound>carbon dioxide",
          "cvMaterial" : "atmospheric material>bulk atmosphere",
          "cvError" : "standard deviation>one standard deviation",
          "cvUnit" : "concentration unit>parts per notation unit>parts per million",
          "cvSeasonality" : null,
          "cvDetail" : null,
          "cvMethod" : null,
          "cvAdditionalInfo" : null,
          "cvFormat" : "Numeric",
          "cvShortName" : null
        }, {
          "cvDataType" : "CLIMATE FORCING|ICE CORES",
          "cvWhat" : "chemical composition>compound>inorganic compound>carbon dioxide",
          "cvMaterial" : "atmospheric material>bulk atmosphere",
          "cvError" : null,
          "cvUnit" : "concentration unit>parts per notation unit>parts per million",
          "cvSeasonality" : null,
          "cvDetail" : "averaged|composited",
          "cvMethod" : null,
          "cvAdditionalInfo" : null,
          "cvFormat" : "Numeric",
          "cvShortName" : null
        } ],
        "NOAAKeywords" : [ "earth science>paleoclimate>ice core>atmospheric gas" ]
      } ]
    } ]
  } ]
}